,dteday,holiday,weekday,weathersit,temp,hum,windspeed,cnt,season
0,2011-01-01,0,Saturday,2,14.110847,80.58330000000001,10.749882,985,winter
1,2011-01-02,0,Sunday,2,14.902598000000001,69.6087,16.652113,801,winter
2,2011-01-03,0,Monday,1,8.050924,43.7273,16.636703,1349,winter
3,2011-01-04,0,Tuesday,1,8.200000000000001,59.0435,10.739832,1562,winter
4,2011-01-05,0,Wednesday,1,9.305237,43.695699999999995,12.522300000000001,1600,winter
5,2011-01-06,0,Thursday,1,8.378268,51.8261,6.0008684,1606,winter
6,2011-01-07,0,Friday,2,8.057402,49.8696,11.304642,1510,winter
7,2011-01-08,0,Saturday,2,6.765000000000001,53.5833,17.875868,959,winter
8,2011-01-09,0,Sunday,1,5.671653,43.416700000000006,24.25065,822,winter
9,2011-01-10,0,Monday,1,6.184153,48.2917,14.958889,1321,winter
10,2011-01-11,0,Tuesday,2,6.9327309999999995,68.6364,8.182844000000001,1263,winter
11,2011-01-12,0,Wednesday,1,7.0818069999999995,59.954499999999996,20.410009,1162,winter
12,2011-01-13,0,Thursday,1,6.765000000000001,47.0417,20.166999999999998,1406,winter
13,2011-01-14,0,Friday,1,6.59567,53.7826,8.478716,1421,winter
14,2011-01-15,0,Saturday,2,9.566653,49.875,10.583521,1248,winter
15,2011-01-16,0,Sunday,1,9.498347,48.375,12.625010999999999,1204,winter
16,2011-01-17,1,Monday,2,7.209153,53.75,12.999139,1000,winter
17,2011-01-18,0,Tuesday,2,8.883347,86.16669999999999,9.833924999999999,683,winter
18,2011-01-19,0,Wednesday,2,11.979134,74.1739,13.957239,1650,winter
19,2011-01-20,0,Thursday,2,10.728347,53.833299999999994,13.125568,1927,winter
20,2011-01-21,0,Friday,1,7.2775,45.7083,23.667214,1543,winter
21,2011-01-22,0,Saturday,1,2.4243464,40.0,11.52199,981,winter
22,2011-01-23,0,Sunday,1,3.9573897000000002,43.6522,16.5222,986,winter
23,2011-01-24,0,Monday,1,3.9930433,49.173899999999996,10.60811,1416,winter
24,2011-01-25,0,Tuesday,2,9.162598000000001,61.695699999999995,8.696332,1985,winter
25,2011-01-26,0,Wednesday,3,8.9175,86.25,19.68795,506,winter
26,2011-01-27,0,Thursday,1,7.995,68.75,7.627078999999999,431,winter
27,2011-01-28,0,Friday,2,8.342597999999999,79.30430000000001,8.2611,1167,winter
28,2011-01-29,0,Saturday,1,8.057402,65.17389999999999,9.739455,1098,winter
29,2011-01-30,0,Sunday,1,8.877402,72.2174,4.956834199999999,1096,winter
30,2011-01-31,0,Monday,2,7.414153,60.375,12.541864,1501,winter
31,2011-02-01,0,Tuesday,2,7.8791340000000005,82.9565,3.565271,1360,winter
32,2011-02-02,0,Wednesday,2,10.66,77.5417,17.708636,1526,winter
33,2011-02-03,0,Thursday,1,7.665237,43.7826,18.609384,1550,winter
34,2011-02-04,0,Friday,2,8.663464,58.521699999999996,8.565213,1708,winter
35,2011-02-05,0,Saturday,2,9.566653,92.91669999999999,10.792293,1005,winter
36,2011-02-06,0,Sunday,1,11.719153,56.833299999999994,9.5006,1623,winter
37,2011-02-07,0,Monday,1,11.138347,73.83330000000001,3.0423561,1712,winter
38,2011-02-08,0,Tuesday,1,9.054153,53.7917,24.25065,1530,winter
39,2011-02-09,0,Wednesday,2,5.526102999999999,49.4783,12.652213,1605,winter
40,2011-02-10,0,Thursday,1,5.918268,43.7391,14.869645,1538,winter
41,2011-02-11,0,Friday,1,7.752731000000001,50.6364,7.272849999999999,1746,winter
42,2011-02-12,0,Saturday,1,9.1225,54.4167,13.625589,1472,winter
43,2011-02-13,0,Sunday,1,12.977402000000001,45.7391,17.479160999999998,1589,winter
44,2011-02-14,0,Monday,1,17.015,37.583299999999994,27.999836,1913,winter
45,2011-02-15,0,Tuesday,1,10.909567000000001,31.434800000000003,19.522058,1815,winter
46,2011-02-16,0,Wednesday,1,13.048701000000001,42.3478,16.869996999999998,2115,winter
47,2011-02-17,0,Thursday,1,17.869153,50.5,15.416968,2475,winter
48,2011-02-18,0,Friday,1,21.388347,51.6667,17.749975000000003,2927,winter
49,2011-02-19,0,Saturday,1,16.365847,18.7917,34.000021,1635,winter
50,2011-02-20,0,Sunday,1,11.693897,40.7826,14.956745,1812,winter
51,2011-02-21,1,Monday,2,12.436653000000002,60.5,20.625682,1107,winter
52,2011-02-22,0,Tuesday,1,7.471102,57.7778,13.110761,1450,winter
53,2011-02-23,0,Wednesday,1,9.091299,42.3043,6.3055710000000005,1917,winter
54,2011-02-24,0,Thursday,2,12.121732000000002,69.7391,16.783231999999998,1807,winter
55,2011-02-25,0,Friday,2,14.938268,71.2174,23.218113,1461,winter
56,2011-02-26,0,Saturday,1,11.5825,53.7917,12.500257,1969,winter
57,2011-02-27,0,Sunday,1,14.082598,68.0,8.391615999999999,2402,winter
58,2011-02-28,0,Monday,2,16.698193,87.63640000000001,19.408962,1446,winter
59,2011-03-01,0,Tuesday,1,10.933347,53.5,14.500475,1851,winter
60,2011-03-02,0,Wednesday,1,13.735000000000001,44.9583,20.624811,2134,winter
61,2011-03-03,0,Thursday,1,8.131653,31.833299999999998,15.125518000000001,1685,winter
62,2011-03-04,0,Friday,2,10.728347,61.0417,13.624182,1944,winter
63,2011-03-05,0,Saturday,2,15.750846999999998,78.91669999999999,16.875357,2077,winter
64,2011-03-06,0,Sunday,2,15.437402,94.8261,23.000229,605,winter
65,2011-03-07,0,Monday,1,10.731299,55.1304,22.870584,1872,winter
66,2011-03-08,0,Tuesday,1,11.9925,42.0833,8.083549999999999,2133,winter
67,2011-03-09,0,Wednesday,2,12.129153,77.5417,14.750050000000002,1891,winter
68,2011-03-10,0,Thursday,3,15.952731,0.0,17.545759,623,winter
69,2011-03-11,0,Friday,2,12.977402000000001,64.95649999999999,15.60899,1977,winter
70,2011-03-12,0,Saturday,1,13.495847,59.458299999999994,14.791924999999999,2132,winter
71,2011-03-13,0,Sunday,1,15.758268000000001,52.73910000000001,18.130468,2417,winter
72,2011-03-14,0,Monday,1,13.333896999999999,49.695699999999995,9.174042,2046,winter
73,2011-03-15,0,Tuesday,2,13.013031,65.5652,12.348703,2056,winter
74,2011-03-16,0,Wednesday,2,14.973897000000001,77.65220000000001,13.608839,2192,winter
75,2011-03-17,0,Thursday,1,17.015,60.291700000000006,14.041792999999998,2744,winter
76,2011-03-18,0,Friday,1,22.14,52.5217,15.478139,3239,winter
77,2011-03-19,0,Saturday,1,19.3725,37.9167,24.667189,3117,winter
78,2011-03-20,0,Sunday,1,13.6325,47.375,13.917307,2471,winter
79,2011-03-21,0,Monday,2,17.647835,73.73910000000001,19.348461,2077,spring
80,2011-03-22,0,Tuesday,1,18.108347,62.4583,15.125250000000001,2703,spring
81,2011-03-23,0,Wednesday,2,14.225237,83.9565,15.695487,2121,spring
82,2011-03-24,0,Thursday,2,11.684999999999999,80.58330000000001,16.333729,1865,spring
83,2011-03-25,0,Friday,1,10.830846999999999,49.5,15.458575000000002,2210,spring
84,2011-03-26,0,Saturday,1,10.899153,39.4167,14.041257,2496,spring
85,2011-03-27,0,Sunday,2,10.374763000000002,49.3913,12.348099999999999,1693,spring
86,2011-03-28,0,Monday,1,10.838268000000001,30.2174,14.217668,2028,spring
87,2011-03-29,0,Tuesday,1,12.4025,31.4167,15.208732,2425,spring
88,2011-03-30,0,Wednesday,2,12.299999999999999,64.6667,11.583495999999998,1536,spring
89,2011-03-31,0,Thursday,3,11.001653,91.8333,14.582282000000001,1685,spring
90,2011-04-01,0,Friday,2,12.299999999999999,68.625,17.333436,2227,spring
91,2011-04-02,0,Saturday,2,12.915000000000001,65.375,13.208782,2252,spring
92,2011-04-03,0,Sunday,1,15.511652999999999,48.0,12.208271000000002,3249,spring
93,2011-04-04,0,Monday,1,23.506653,42.625,25.833257,3115,spring
94,2011-04-05,0,Tuesday,2,16.980847,64.2083,26.000488999999998,1795,spring
95,2011-04-06,0,Wednesday,1,16.024153,47.0833,17.625221,2808,spring
96,2011-04-07,0,Thursday,1,17.9375,60.291700000000006,10.874904,3141,spring
97,2011-04-08,0,Friday,2,13.769153,83.625,15.208464,1471,spring
98,2011-04-09,0,Saturday,2,14.0425,87.75,8.916561,2455,spring
99,2011-04-10,0,Sunday,2,17.493347,85.75,9.833389,2895,spring
100,2011-04-11,0,Monday,2,24.421732,71.6956,21.739758,3348,spring
101,2011-04-12,0,Tuesday,2,20.6025,73.9167,18.416892999999998,2034,spring
102,2011-04-13,0,Wednesday,2,16.912499999999998,81.91669999999999,16.791338999999997,2162,spring
103,2011-04-14,0,Thursday,1,19.1675,54.041700000000006,7.4169,3267,spring
104,2011-04-15,1,Friday,1,18.313347,67.125,15.167124999999999,3126,spring
105,2011-04-16,0,Saturday,3,17.664153000000002,88.83330000000001,22.834136,795,spring
106,2011-04-17,0,Sunday,1,18.723347,47.9583,20.334232,3744,spring
107,2011-04-18,0,Monday,1,21.0125,54.25,10.958988999999999,3429,spring
108,2011-04-19,0,Tuesday,2,20.739152999999998,66.5833,10.584057,3204,spring
109,2011-04-20,0,Wednesday,1,24.395,61.4167,16.208975,3944,spring
110,2011-04-21,0,Thursday,1,18.825847,40.708299999999994,21.792286,4189,spring
111,2011-04-22,0,Friday,2,13.803347,72.9583,14.707906999999999,1683,spring
112,2011-04-23,0,Saturday,2,18.86,88.79169999999999,15.458575000000002,4036,spring
113,2011-04-24,0,Sunday,2,23.848347,81.08330000000001,12.875725000000001,4191,spring
114,2011-04-25,0,Monday,1,24.873347,77.6667,12.417311,4073,spring
115,2011-04-26,0,Tuesday,1,25.898346999999998,72.9167,21.875500000000002,4400,spring
116,2011-04-27,0,Wednesday,2,25.419999999999998,83.54169999999999,20.917399999999997,3872,spring
117,2011-04-28,0,Thursday,2,25.317500000000003,70.08330000000001,21.500836000000003,4058,spring
118,2011-04-29,0,Friday,1,20.91,45.7083,16.084221,4595,spring
119,2011-04-30,0,Saturday,1,19.3725,50.3333,15.750025,5312,spring
120,2011-05-01,0,Sunday,2,18.518347,76.2083,7.125718,3351,spring
121,2011-05-02,0,Monday,2,22.515846999999997,73.0,12.291418,4401,spring
122,2011-05-03,0,Tuesday,2,25.283347,69.7083,22.958689,4451,spring
123,2011-05-04,0,Wednesday,2,16.980847,73.70830000000001,22.042732,2633,spring
124,2011-05-05,0,Thursday,1,18.825847,44.4167,19.791263999999998,4433,spring
125,2011-05-06,0,Friday,1,19.645847,59.0,15.292482,4608,spring
126,2011-05-07,0,Saturday,1,21.32,54.125,10.750150000000001,4714,spring
127,2011-05-08,0,Sunday,1,21.661653,63.1667,5.0007125,4333,spring
128,2011-05-09,0,Monday,1,21.8325,58.875,11.792,4362,spring
129,2011-05-10,0,Tuesday,1,21.8325,48.9167,7.749956999999999,4803,spring
130,2011-05-11,0,Wednesday,1,22.2425,63.29169999999999,8.083014,4182,spring
131,2011-05-12,0,Thursday,1,21.935000000000002,74.75,12.707689,4864,spring
132,2011-05-13,0,Friday,2,21.0125,86.33330000000001,12.041575,4105,spring
133,2011-05-14,0,Saturday,2,21.354153,92.25,9.041649999999999,3409,spring
134,2011-05-15,0,Sunday,2,23.0625,86.70830000000001,10.249593,4553,spring
135,2011-05-16,0,Monday,1,23.677500000000002,78.79169999999999,8.500357000000001,3958,spring
136,2011-05-17,0,Tuesday,2,23.028347,83.7917,18.582718,4123,spring
137,2011-05-18,0,Wednesday,2,22.55,87.0,13.499964,3855,spring
138,2011-05-19,0,Thursday,2,21.764153,82.9583,7.250271000000001,4575,spring
139,2011-05-20,0,Friday,1,22.003347,71.9583,8.375871,4917,spring
140,2011-05-21,0,Saturday,1,24.7025,62.6667,8.083549999999999,5805,spring
141,2011-05-22,0,Sunday,1,24.770847,74.9583,9.916536,4660,spring
142,2011-05-23,0,Monday,2,25.898346999999998,81.0,15.667413999999999,4274,spring
143,2011-05-24,0,Tuesday,2,27.060000000000002,74.0833,13.875164,4492,spring
144,2011-05-25,0,Wednesday,1,27.094153,69.625,10.333611000000001,4978,spring
145,2011-05-26,0,Thursday,1,29.041653,67.75,13.376014,4677,spring
146,2011-05-27,0,Friday,1,27.948347000000002,65.375,16.125493,4679,spring
147,2011-05-28,0,Saturday,1,26.889153,72.9583,15.416164,4758,spring
148,2011-05-29,0,Sunday,1,27.3675,81.875,14.333846,4788,spring
149,2011-05-30,1,Monday,1,30.066653000000002,68.5,8.792075,4098,spring
150,2011-05-31,0,Tuesday,1,31.775000000000002,63.6667,7.459042999999999,3982,spring
151,2011-06-01,0,Wednesday,2,31.330847000000002,67.7083,13.875164,3974,spring
152,2011-06-02,0,Thursday,1,29.314999999999998,30.5,19.583229000000003,4968,spring
153,2011-06-03,0,Friday,1,25.419999999999998,35.4167,16.959107,5312,spring
154,2011-06-04,0,Saturday,1,26.035,45.625,8.250514,5342,spring
155,2011-06-05,0,Sunday,2,26.581653000000003,65.25,9.292364000000001,4906,spring
156,2011-06-06,0,Monday,1,27.811653,60.0,8.167032,4548,spring
157,2011-06-07,0,Tuesday,1,29.0075,59.791700000000006,12.583136,4833,spring
158,2011-06-08,0,Wednesday,1,31.809153,62.20830000000001,9.166739,4401,spring
159,2011-06-09,0,Thursday,2,33.141653,56.833299999999994,10.042161,3915,spring
160,2011-06-10,0,Friday,1,30.955000000000002,60.5,9.417118,4586,spring
161,2011-06-11,0,Saturday,1,29.724999999999998,65.45830000000001,10.374949999999998,4966,spring
162,2011-06-12,0,Sunday,1,28.392500000000002,74.7917,10.958988999999999,4460,spring
163,2011-06-13,0,Monday,1,26.035,49.4583,20.45845,5020,spring
164,2011-06-14,0,Tuesday,1,24.770847,50.708299999999994,18.041961,4891,spring
165,2011-06-15,0,Wednesday,1,25.693347,47.1667,11.250104,5180,spring
166,2011-06-16,0,Thursday,2,25.761653000000003,68.8333,13.833556999999999,3767,spring
167,2011-06-17,0,Friday,1,26.615847000000002,73.5833,9.582942999999998,4844,spring
168,2011-06-18,0,Saturday,1,28.563347,67.0417,8.000336,5119,spring
169,2011-06-19,0,Sunday,2,28.665847,66.6667,6.834,4744,spring
170,2011-06-20,0,Monday,2,26.035,74.625,10.416825,4010,spring
171,2011-06-21,0,Tuesday,2,27.914153000000002,77.0417,11.458675000000001,4835,summer
172,2011-06-22,0,Wednesday,1,30.066653000000002,70.75,11.541554,4507,summer
173,2011-06-23,0,Thursday,2,29.861653,70.3333,15.999868,4790,summer
174,2011-06-24,0,Friday,1,29.690847,57.3333,14.875675,4991,summer
175,2011-06-25,0,Saturday,1,28.494999999999997,48.3333,14.041257,5202,summer
176,2011-06-26,0,Sunday,1,27.880000000000003,51.3333,6.3337311,5305,summer
177,2011-06-27,0,Monday,2,27.982499999999998,65.8333,7.2083960000000005,4708,summer
178,2011-06-28,0,Tuesday,1,30.510847000000002,63.416700000000006,9.666960999999999,4648,summer
179,2011-06-29,0,Wednesday,1,29.861653,49.7917,17.542007,5225,summer
180,2011-06-30,0,Thursday,1,28.563347,43.416700000000006,12.415904000000001,5515,summer
181,2011-07-01,0,Friday,1,29.622500000000002,39.625,6.874736,5362,summer
182,2011-07-02,0,Saturday,1,30.271653,44.4583,7.709154,5119,summer
183,2011-07-03,0,Sunday,2,29.383347,68.25,15.333486,4649,summer
184,2011-07-04,1,Monday,2,29.793346999999997,63.7917,5.4591064000000005,6043,summer
185,2011-07-05,0,Tuesday,1,30.613346999999997,59.0417,8.459286,4665,summer
186,2011-07-06,0,Wednesday,1,29.52,74.33330000000001,10.042161,4629,summer
187,2011-07-07,0,Thursday,1,30.75,65.125,10.666400000000001,4592,summer
188,2011-07-08,0,Friday,2,29.075847,75.79169999999999,15.083643,4040,summer
189,2011-07-09,0,Saturday,1,30.066653000000002,60.9167,11.250104,5336,summer
190,2011-07-10,0,Sunday,1,30.6475,57.8333,12.292557,4881,summer
191,2011-07-11,0,Monday,1,31.2625,63.5833,18.916579,4086,summer
192,2011-07-12,0,Tuesday,1,32.560846999999995,55.9167,13.417017999999999,4258,summer
193,2011-07-13,0,Wednesday,1,30.613346999999997,63.1667,9.790911000000001,4342,summer
194,2011-07-14,0,Thursday,1,27.914153000000002,47.625,16.124689,5084,summer
195,2011-07-15,0,Friday,1,27.196652999999998,59.12500000000001,12.249811,5538,summer
196,2011-07-16,0,Saturday,1,28.153347,58.5,13.958914,5923,summer
197,2011-07-17,0,Sunday,1,29.485847,60.4167,16.417211,5302,summer
198,2011-07-18,0,Monday,1,30.613346999999997,65.125,14.458867999999999,4458,summer
199,2011-07-19,0,Tuesday,1,31.843347,65.0417,8.7502,4541,summer
200,2011-07-20,0,Wednesday,1,31.501653,70.70830000000001,7.625739,4332,summer
201,2011-07-21,0,Thursday,2,33.415,69.125,14.875407,3784,summer
202,2011-07-22,0,Friday,1,34.781653,58.0417,8.9177,3387,summer
203,2011-07-23,0,Saturday,1,34.815847,50.0,8.791807,3285,summer
204,2011-07-24,0,Sunday,1,34.03,55.0833,11.334456999999999,3606,summer
205,2011-07-25,0,Monday,1,30.476653000000002,75.7083,6.0841560999999995,3840,summer
206,2011-07-26,0,Tuesday,1,31.638347,54.0833,13.417285999999999,4590,summer
207,2011-07-27,0,Wednesday,1,31.775000000000002,40.291700000000006,12.292020999999998,4656,summer
208,2011-07-28,0,Thursday,1,31.945847,58.3333,11.958093,4390,summer
209,2011-07-29,0,Friday,1,34.371653,54.25,11.667245999999999,3846,summer
210,2011-07-30,0,Saturday,1,32.970847,46.5833,11.291979,4475,summer
211,2011-07-31,0,Sunday,1,33.039153,48.0833,11.042470999999999,4302,summer
212,2011-08-01,0,Monday,1,31.638347,55.0833,10.500039,4266,summer
213,2011-08-02,0,Tuesday,1,32.116653,49.125,13.79195,4845,summer
214,2011-08-03,0,Wednesday,2,29.998347,65.75,9.084061,3574,summer
215,2011-08-04,0,Thursday,2,29.11,75.75,13.20905,4576,summer
216,2011-08-05,0,Friday,1,29.144153000000003,63.083299999999994,12.374632,4866,summer
217,2011-08-06,0,Saturday,2,29.383347,75.5,15.29275,4294,summer
218,2011-08-07,0,Sunday,1,30.442500000000003,75.29169999999999,13.499629,3785,summer
219,2011-08-08,0,Monday,1,31.365000000000002,59.2083,12.875725000000001,4326,summer
220,2011-08-09,0,Tuesday,1,31.775000000000002,57.04169999999999,10.125107,4602,summer
221,2011-08-10,0,Wednesday,1,31.433346999999998,42.4167,13.417285999999999,4780,summer
222,2011-08-11,0,Thursday,1,29.4175,42.375,11.041332,4792,summer
223,2011-08-12,0,Friday,1,29.041653,41.5,8.416607,4905,summer
224,2011-08-13,0,Saturday,2,28.119153,72.9583,14.167418,4150,summer
225,2011-08-14,0,Sunday,2,27.743347,81.75,14.916411,3820,summer
226,2011-08-15,0,Monday,1,27.299153,71.20830000000001,13.999918,4338,summer
227,2011-08-16,0,Tuesday,1,28.734153000000003,57.8333,15.834043000000001,4725,summer
228,2011-08-17,0,Wednesday,1,29.656653,57.5417,9.625689,4694,summer
229,2011-08-18,0,Thursday,1,29.178347000000002,65.45830000000001,15.624936,3805,summer
230,2011-08-19,0,Friday,2,28.085,72.2917,9.333635999999998,4153,summer
231,2011-08-20,0,Saturday,1,28.5975,67.41669999999999,6.999289,5191,summer
232,2011-08-21,0,Sunday,1,29.144153000000003,77.0,16.666518,3873,summer
233,2011-08-22,0,Monday,1,28.358347000000002,47.0,18.54225,4758,summer
234,2011-08-23,0,Tuesday,1,26.274153,45.5417,9.833121,5895,summer
235,2011-08-24,0,Wednesday,1,27.606652999999998,60.5,16.958236,5130,summer
236,2011-08-25,0,Thursday,2,28.050846999999997,77.1667,14.125810999999999,3542,summer
237,2011-08-26,0,Friday,1,28.7,76.125,5.625487499999999,4661,summer
238,2011-08-27,0,Saturday,2,27.880000000000003,85.0,25.166338999999997,1115,summer
239,2011-08-28,0,Sunday,1,28.989418999999998,56.1765,20.412153,4334,summer
240,2011-08-29,0,Monday,1,26.103347,55.45830000000001,10.708275,4634,summer
241,2011-08-30,0,Tuesday,1,26.205847000000002,54.833299999999994,8.375536,5204,summer
242,2011-08-31,0,Wednesday,1,26.923347,59.791700000000006,5.5833311,5058,summer
243,2011-09-01,0,Thursday,1,26.855,63.916700000000006,9.500332,5115,summer
244,2011-09-02,0,Friday,2,26.376653,72.70830000000001,9.375243,4727,summer
245,2011-09-03,0,Saturday,1,27.435847,71.6667,12.416775,4484,summer
246,2011-09-04,0,Sunday,1,29.075847,74.20830000000001,13.833289,4940,summer
247,2011-09-05,1,Monday,2,27.606652999999998,79.0417,14.250632,3351,summer
248,2011-09-06,0,Tuesday,3,22.14,88.6957,23.044181,2710,summer
249,2011-09-07,0,Wednesday,3,24.565847,91.7083,6.500393600000001,1996,summer
250,2011-09-08,0,Thursday,3,25.990433,93.9565,12.914116,1842,summer
251,2011-09-09,0,Friday,2,26.650000000000002,89.79169999999999,8.333393000000001,3544,summer
252,2011-09-10,0,Saturday,1,27.060000000000002,75.375,10.291736,5345,summer
253,2011-09-11,0,Sunday,1,26.786653,71.375,7.708618,5046,summer
254,2011-09-12,0,Monday,1,26.418268,69.2174,5.957171000000001,4713,summer
255,2011-09-13,0,Tuesday,1,26.684153,71.25,9.500868,4763,summer
256,2011-09-14,0,Wednesday,1,27.606652999999998,69.7083,11.2091,4785,summer
257,2011-09-15,0,Thursday,2,23.677500000000002,70.9167,18.166782,3659,summer
258,2011-09-16,0,Friday,2,19.235847,59.0417,11.000261,4760,summer
259,2011-09-17,0,Saturday,2,20.158347,71.8333,12.708225,4511,summer
260,2011-09-18,0,Sunday,1,20.807499999999997,69.5,11.958361,4274,summer
261,2011-09-19,0,Monday,2,22.515846999999997,69.0,10.166713999999999,4539,summer
262,2011-09-20,0,Tuesday,2,23.028347,88.125,9.041917999999999,3641,summer
263,2011-09-21,0,Wednesday,2,24.395,90.0,6.4590814,4352,summer
264,2011-09-22,0,Thursday,2,25.761653000000003,90.2083,8.584375,4795,summer
265,2011-09-23,0,Friday,2,24.975847,97.25,5.2505689,2395,fall
266,2011-09-24,0,Saturday,2,24.873347,86.25,5.2516811,5423,fall
267,2011-09-25,0,Sunday,2,26.000847,84.5,3.3754064,5010,fall
268,2011-09-26,0,Monday,2,26.615847000000002,84.8333,7.4169,4630,fall
269,2011-09-27,0,Tuesday,2,26.103347,88.5417,7.917457,4120,fall
270,2011-09-28,0,Wednesday,2,26.035,84.875,9.958143000000002,3907,fall
271,2011-09-29,0,Thursday,1,25.283347,69.91669999999999,11.583161,4839,fall
272,2011-09-30,0,Friday,1,23.130847,64.75,13.833825,5202,fall
273,2011-10-01,0,Saturday,2,16.81,75.375,19.583832,2429,fall
274,2011-10-02,0,Sunday,2,14.623347,79.1667,14.874870999999999,2918,fall
275,2011-10-03,0,Monday,2,15.750846999999998,76.0833,5.5841686,3570,fall
276,2011-10-04,0,Tuesday,1,19.850847,71.0,13.792218,4456,fall
277,2011-10-05,0,Wednesday,1,22.071652999999998,64.79169999999999,11.87575,4826,fall
278,2011-10-06,0,Thursday,1,20.260847000000002,62.083299999999994,9.041917999999999,4765,fall
279,2011-10-07,0,Friday,1,20.944153,68.41669999999999,1.5002439,4985,fall
280,2011-10-08,0,Saturday,1,21.388347,70.125,3.0420814,5409,fall
281,2011-10-09,0,Sunday,1,22.174153,72.75,4.251150000000001,5511,fall
282,2011-10-10,1,Monday,1,23.404153,73.375,2.8343814,5117,fall
283,2011-10-11,0,Tuesday,2,23.233347000000002,80.875,9.583814,4563,fall
284,2011-10-12,0,Wednesday,3,22.276653,90.625,16.62605,2416,fall
285,2011-10-13,0,Thursday,2,24.155847,89.6667,9.499729,2913,fall
286,2011-10-14,0,Friday,2,22.584153,71.625,15.000161,3644,fall
287,2011-10-15,0,Saturday,1,20.773346999999998,48.3333,17.291561,5217,fall
288,2011-10-16,0,Sunday,1,20.978347,48.6667,18.875039,5041,fall
289,2011-10-17,0,Monday,1,21.900847,57.958299999999994,11.750393,4570,fall
290,2011-10-18,0,Tuesday,2,21.8325,70.1667,7.375829,4748,fall
291,2011-10-19,0,Wednesday,3,22.211299,89.52170000000001,16.303713,2424,fall
292,2011-10-20,0,Thursday,1,19.509153,63.625,28.292425,4195,fall
293,2011-10-21,0,Friday,1,17.5275,57.4167,14.833532,4304,fall
294,2011-10-22,0,Saturday,1,17.322499999999998,62.916700000000006,6.2086689,4308,fall
295,2011-10-23,0,Sunday,1,17.288347,74.125,6.6673375,4381,fall
296,2011-10-24,0,Monday,1,18.996653,77.2083,7.959064,4187,fall
297,2011-10-25,0,Tuesday,1,19.338347,62.291700000000006,11.166086,4687,fall
298,2011-10-26,0,Wednesday,2,19.850847,72.04169999999999,9.959014,3894,fall
299,2011-10-27,0,Thursday,2,19.27,81.2917,13.250121,2659,fall
300,2011-10-28,0,Friday,2,13.564153,58.58330000000001,15.375093,3747,fall
301,2011-10-29,0,Saturday,3,10.420846999999998,88.25,23.541857,627,fall
302,2011-10-30,0,Sunday,1,13.085847,62.375,11.833339,3331,fall
303,2011-10-31,0,Monday,1,13.940000000000001,70.3333,7.12545,3669,fall
304,2011-11-01,0,Tuesday,1,16.434153,68.375,9.083257,4068,fall
305,2011-11-02,0,Wednesday,1,15.477500000000001,71.875,5.5001439,4186,fall
306,2011-11-03,0,Thursday,1,16.741653,70.20830000000001,9.166739,3974,fall
307,2011-11-04,0,Friday,2,16.536653,62.25000000000001,18.209193,4046,fall
308,2011-11-05,0,Saturday,1,13.393346999999999,51.916700000000006,12.667154,3926,fall
309,2011-11-06,0,Sunday,1,14.281653,73.4583,6.1676314,3649,fall
310,2011-11-07,0,Monday,1,16.195,75.875,3.834075,4035,fall
311,2011-11-08,0,Tuesday,1,16.741653,72.16669999999999,4.6255125,4205,fall
312,2011-11-09,0,Wednesday,1,16.400000000000002,75.83330000000001,4.1671186,4109,fall
313,2011-11-10,0,Thursday,2,15.58,81.3333,12.667489000000002,2933,fall
314,2011-11-11,1,Friday,1,13.290847,44.625,21.083225,3368,fall
315,2011-11-12,0,Saturday,1,14.623347,55.2917,14.208154,4067,fall
316,2011-11-13,0,Sunday,1,18.074153,45.8333,18.875307,3717,fall
317,2011-11-14,0,Monday,1,21.73,58.7083,20.541932,4486,fall
318,2011-11-15,0,Tuesday,2,21.73,68.875,13.375411,4195,fall
319,2011-11-16,0,Wednesday,3,18.723347,93.0,9.167543,1817,fall
320,2011-11-17,0,Thursday,2,14.008347,57.5833,20.459254,3053,fall
321,2011-11-18,0,Friday,1,11.240847,41.0,11.291711,3392,fall
322,2011-11-19,0,Saturday,1,13.495847,50.208299999999994,15.041232,3663,fall
323,2011-11-20,0,Sunday,2,18.996653,68.45830000000001,12.45865,3520,fall
324,2011-11-21,0,Monday,3,18.3475,91.0,9.249618,2765,fall
325,2011-11-22,0,Tuesday,3,17.083347,96.25,7.959064,1607,fall
326,2011-11-23,0,Wednesday,2,18.074153,75.79169999999999,22.500275,2566,fall
327,2011-11-24,1,Thursday,1,15.306653,54.9167,11.209368000000001,1495,fall
328,2011-11-25,0,Friday,1,15.375,64.375,6.6260186,2792,fall
329,2011-11-26,0,Saturday,1,15.409152999999998,68.1667,4.5841936,3068,fall
330,2011-11-27,0,Sunday,1,18.825847,69.8333,13.999918,3071,fall
331,2011-11-28,0,Monday,1,20.642598,74.3043,9.522174,3867,fall
332,2011-11-29,0,Tuesday,2,18.791653,83.08330000000001,17.292164,2914,fall
333,2011-11-30,0,Wednesday,1,13.325000000000001,61.3333,18.167586,3613,fall
334,2011-12-01,0,Thursday,1,12.8125,52.4583,14.750586,3727,fall
335,2011-12-02,0,Friday,1,12.880847,62.583299999999994,6.750518,3940,fall
336,2011-12-03,0,Saturday,1,12.265847,61.291700000000006,6.4174811,3614,fall
337,2011-12-04,0,Sunday,1,13.564153,77.5833,5.6252061,3485,fall
338,2011-12-05,0,Monday,2,15.819153,82.70830000000001,4.1679561000000005,3811,fall
339,2011-12-06,0,Tuesday,3,18.962500000000002,94.9583,15.583061,2594,fall
340,2011-12-07,0,Wednesday,3,16.81,97.04169999999999,17.833725,705,fall
341,2011-12-08,0,Thursday,1,10.899153,57.99999999999999,16.083886,3322,fall
342,2011-12-09,0,Friday,1,11.924153,69.58330000000001,5.5420189,3620,fall
343,2011-12-10,0,Saturday,1,11.275,50.74999999999999,15.625807,3190,fall
344,2011-12-11,0,Sunday,1,9.054153,49.0,4.458293899999999,2743,fall
345,2011-12-12,0,Monday,1,9.771652999999999,67.08330000000001,4.251150000000001,3310,fall
346,2011-12-13,0,Tuesday,1,11.5825,59.0,9.41685,3523,fall
347,2011-12-14,0,Wednesday,2,13.0175,66.375,4.0842061,3740,fall
348,2011-12-15,0,Thursday,2,17.322499999999998,63.416700000000006,17.958814,3709,fall
349,2011-12-16,0,Friday,2,15.375,50.0417,17.458525,3577,fall
350,2011-12-17,0,Saturday,2,10.591652999999999,56.0833,16.292189,2739,fall
351,2011-12-18,0,Sunday,1,9.771652999999999,58.62500000000001,11.375193000000001,2431,fall
352,2011-12-19,0,Monday,1,11.343347,63.74999999999999,11.584031999999999,3403,fall
353,2011-12-20,0,Tuesday,2,15.819153,59.5417,4.1252436,3750,fall
354,2011-12-21,0,Wednesday,2,17.561653,85.83330000000001,14.8338,2660,winter
355,2011-12-22,0,Thursday,2,17.356653,75.75,3.1674249999999997,3068,winter
356,2011-12-23,0,Friday,1,15.306653,68.625,18.374482,2209,winter
357,2011-12-24,0,Saturday,1,12.4025,54.25,12.750368,1011,winter
358,2011-12-25,0,Sunday,1,11.266103,68.13040000000001,10.391097,754,winter
359,2011-12-26,1,Monday,1,13.191299,50.6957,16.044155,1317,winter
360,2011-12-27,0,Tuesday,2,13.325000000000001,76.25,12.62615,1162,winter
361,2011-12-28,0,Wednesday,1,12.264330000000001,50.39130000000001,19.695386999999997,2302,winter
362,2011-12-29,0,Thursday,1,10.181653,57.4167,8.000604000000001,2423,winter
363,2011-12-30,0,Friday,1,12.778347000000002,63.6667,9.000579,2999,winter
364,2011-12-31,0,Saturday,1,16.81,61.583299999999994,14.750318,2485,winter
365,2012-01-01,0,Sunday,1,15.17,69.25,12.875189,2294,winter
366,2012-01-02,1,Monday,1,11.194763,38.130399999999995,22.087555,1951,winter
367,2012-01-03,0,Tuesday,1,6.1499999999999995,44.125,24.499957000000002,2236,winter
368,2012-01-04,0,Wednesday,2,4.4075,41.4583,12.3749,2368,winter
369,2012-01-05,0,Thursday,1,10.899153,52.416700000000006,8.709128999999999,3272,winter
370,2012-01-06,0,Friday,1,13.700847,54.2083,11.249836,4098,winter
371,2012-01-07,0,Saturday,1,16.126653,53.1667,11.708786,4521,winter
372,2012-01-08,0,Sunday,1,13.8375,46.5,12.833314,3425,winter
373,2012-01-09,0,Monday,2,9.190847,70.1667,6.6263000000000005,2376,winter
374,2012-01-10,0,Tuesday,1,12.656536000000001,64.65220000000001,12.565984,3598,winter
375,2012-01-11,0,Wednesday,2,11.240847,84.75,8.791807,2177,winter
376,2012-01-12,0,Thursday,2,15.682500000000001,80.2917,12.124789,4097,winter
377,2012-01-13,0,Friday,1,11.240847,50.74999999999999,25.333236,3214,winter
378,2012-01-14,0,Saturday,1,7.38,45.75,12.541260999999999,2493,winter
379,2012-01-15,0,Sunday,1,6.833347000000001,41.9167,16.834286,2311,winter
380,2012-01-16,1,Monday,1,7.79,52.25,15.500986000000001,2298,winter
381,2012-01-17,0,Tuesday,2,15.294763,71.6087,23.39171,2935,winter
382,2012-01-18,0,Wednesday,1,12.436653000000002,44.333299999999994,27.833743,3376,winter
383,2012-01-19,0,Thursday,1,7.79,49.75,14.750586,3292,winter
384,2012-01-20,0,Friday,2,8.9175,45.0,13.58425,3163,winter
385,2012-01-21,0,Saturday,2,7.106653,83.125,14.917014,1301,winter
386,2012-01-22,0,Sunday,2,6.6625000000000005,79.625,13.375746000000001,1977,winter
387,2012-01-23,0,Monday,2,8.951653,91.125,7.417436,2432,winter
388,2012-01-24,0,Tuesday,1,14.0425,83.58330000000001,8.292389,4339,winter
389,2012-01-25,0,Wednesday,1,12.060847,64.375,10.791756999999999,4270,winter
390,2012-01-26,0,Thursday,2,14.008347,76.95830000000001,4.9175186,4075,winter
391,2012-01-27,0,Friday,2,17.425,74.125,22.958689,3456,winter
392,2012-01-28,0,Saturday,1,12.949152999999999,54.333299999999994,14.125542999999999,4023,winter
393,2012-01-29,0,Sunday,1,11.5825,31.125000000000004,16.08335,3243,winter
394,2012-01-30,0,Monday,1,11.035847,40.0833,14.458064,3624,winter
395,2012-01-31,0,Tuesday,1,15.99,41.6667,17.541739,4509,winter
396,2012-02-01,0,Wednesday,1,19.235847,50.79169999999999,12.667489000000002,4579,winter
397,2012-02-02,0,Thursday,2,16.365847,67.29169999999999,12.541528999999999,3761,winter
398,2012-02-03,0,Friday,1,12.846652999999998,52.6667,11.959232,4151,winter
399,2012-02-04,0,Saturday,2,10.830846999999999,77.95830000000001,8.167032,2832,winter
400,2012-02-05,0,Sunday,2,10.899153,68.7917,11.791732000000001,2947,winter
401,2012-02-06,0,Monday,1,11.586969,62.2174,10.304599999999999,3784,winter
402,2012-02-07,0,Tuesday,1,14.520847,49.625,9.874393000000001,4375,winter
403,2012-02-08,0,Wednesday,2,10.523347,72.2917,8.959307,2802,winter
404,2012-02-09,0,Thursday,1,10.865,56.2083,13.000478999999999,3830,winter
405,2012-02-10,0,Friday,2,11.514153,54.0,7.834243000000001,3831,winter
406,2012-02-11,0,Saturday,3,9.190847,73.125,19.416332,2169,winter
407,2012-02-12,0,Sunday,1,5.2275,46.4583,27.417204,1529,winter
408,2012-02-13,0,Monday,1,9.1225,41.125,11.207961,3422,winter
409,2012-02-14,0,Tuesday,2,13.085847,50.875,9.458993,3922,winter
410,2012-02-15,0,Wednesday,1,14.281653,53.125,12.167200000000001,4169,winter
411,2012-02-16,0,Thursday,2,12.983346999999998,75.29169999999999,6.125475000000001,3005,winter
412,2012-02-17,0,Friday,1,14.076653,63.4583,13.791682,4154,winter
413,2012-02-18,0,Saturday,1,14.213347,53.4583,12.792243,4318,winter
414,2012-02-19,0,Sunday,2,11.48,51.5833,16.958504,2689,winter
415,2012-02-20,1,Monday,1,11.48,50.7826,15.348561,3129,winter
416,2012-02-21,0,Tuesday,1,11.800866000000001,59.434799999999996,13.783039,3777,winter
417,2012-02-22,0,Wednesday,1,16.229153,56.7917,15.709557,4773,winter
418,2012-02-23,0,Thursday,1,18.620846999999998,55.45830000000001,12.791171,5062,winter
419,2012-02-24,0,Friday,2,16.7075,73.75,15.916989,3487,winter
420,2012-02-25,0,Saturday,1,11.924153,39.5833,28.250014,2732,winter
421,2012-02-26,0,Sunday,1,11.445847,41.0,13.750342999999999,3389,winter
422,2012-02-27,0,Monday,1,15.033347000000001,49.0833,17.958211000000002,4322,winter
423,2012-02-28,0,Tuesday,1,14.725847,39.5833,12.958939,4363,winter
424,2012-02-29,0,Wednesday,2,14.118267999999999,80.4783,12.000839,1834,winter
425,2012-03-01,0,Thursday,1,19.919153,61.5417,15.208129,4990,winter
426,2012-03-02,0,Friday,2,14.486653,65.7083,9.708568,3194,winter
427,2012-03-03,0,Saturday,2,16.980847,62.125,10.792293,4066,winter
428,2012-03-04,0,Sunday,1,13.359153,40.3333,22.416257,3423,winter
429,2012-03-05,0,Monday,1,9.976652999999999,50.625,15.333486,3333,winter
430,2012-03-06,0,Tuesday,1,10.591652999999999,45.6667,13.458625,3956,winter
431,2012-03-07,0,Wednesday,1,16.570847,51.3333,23.167193,4916,winter
432,2012-03-08,0,Thursday,1,21.627499999999998,56.75,29.584721,5382,winter
433,2012-03-09,0,Friday,2,16.844153,40.708299999999994,27.7916,4569,winter
434,2012-03-10,0,Saturday,1,11.7875,35.0417,15.125250000000001,4118,winter
435,2012-03-11,0,Sunday,1,14.831299,47.6957,14.913329000000001,4911,winter
436,2012-03-12,0,Monday,1,19.133347,48.9167,13.916771,5298,winter
437,2012-03-13,0,Tuesday,1,23.165,61.75000000000001,15.87565,5847,winter
438,2012-03-14,0,Wednesday,1,23.4725,50.708299999999994,7.709154,6312,winter
439,2012-03-15,0,Thursday,1,22.857499999999998,57.958299999999994,10.042161,6192,winter
440,2012-03-16,0,Friday,2,17.869153,84.20830000000001,7.583864,4378,winter
441,2012-03-17,0,Saturday,2,21.080847000000002,75.5833,7.417168,7836,winter
442,2012-03-18,0,Sunday,2,19.3725,81.0,8.501161,5892,winter
443,2012-03-19,0,Monday,1,22.345000000000002,72.875,10.875238999999999,6153,winter
444,2012-03-20,0,Tuesday,1,22.994153,80.7917,8.125157,6093,winter
445,2012-03-21,0,Wednesday,2,21.798347,82.125,6.000406099999999,6230,spring
446,2012-03-22,0,Thursday,1,22.720847,83.125,7.876654,6871,spring
447,2012-03-23,0,Friday,2,24.668346999999997,69.41669999999999,7.7921000000000005,8362,spring
448,2012-03-24,0,Saturday,2,20.6025,88.5417,12.916461,3372,spring
449,2012-03-25,0,Sunday,2,17.9375,88.0833,14.791924999999999,4996,spring
450,2012-03-26,0,Monday,1,18.279153,47.7917,25.917007,5558,spring
451,2012-03-27,0,Tuesday,1,13.256653,28.999999999999996,12.541864,5102,spring
452,2012-03-28,0,Wednesday,1,19.850847,48.125,19.541957,5698,spring
453,2012-03-29,0,Thursday,1,20.260847000000002,43.9167,21.41655,6133,spring
454,2012-03-30,0,Friday,2,15.17,58.0833,9.250489,5459,spring
455,2012-03-31,0,Saturday,2,17.390847,73.83330000000001,16.791338999999997,6235,spring
456,2012-04-01,0,Sunday,2,17.459153,67.625,11.541889,6041,spring
457,2012-04-02,0,Monday,1,17.790433,50.4348,20.913313,5936,spring
458,2012-04-03,0,Tuesday,1,19.133347,39.6667,6.708911,6772,spring
459,2012-04-04,0,Wednesday,1,22.208347,46.958299999999994,12.125325,6436,spring
460,2012-04-05,0,Thursday,1,17.835,37.416700000000006,14.708443,6457,spring
461,2012-04-06,0,Friday,1,16.536653,37.7083,20.125996,6460,spring
462,2012-04-07,0,Saturday,1,17.9375,25.4167,18.416356999999998,6857,spring
463,2012-04-08,0,Sunday,1,20.5,27.5833,15.583931999999999,5169,spring
464,2012-04-09,0,Monday,1,20.055847,31.75,23.999132,5585,spring
465,2012-04-10,0,Tuesday,1,18.313347,43.5,16.708125000000003,5918,spring
466,2012-04-11,0,Wednesday,1,14.296536,46.9565,19.783358,4862,spring
467,2012-04-12,0,Thursday,1,16.2975,46.625,19.458743,5409,spring
468,2012-04-13,0,Friday,1,18.142500000000002,40.8333,10.416557,6398,spring
469,2012-04-14,0,Saturday,1,20.294999999999998,50.29169999999999,12.791439,7460,spring
470,2012-04-15,0,Sunday,1,24.873347,50.79169999999999,15.083643,7132,spring
471,2012-04-16,1,Monday,1,27.230846999999997,56.166700000000006,19.083543,6370,spring
472,2012-04-17,0,Tuesday,1,24.941653000000002,39.0417,18.333143,6691,spring
473,2012-04-18,0,Wednesday,2,18.996653,56.9167,11.250104,4367,spring
474,2012-04-19,0,Thursday,1,20.431653,61.25000000000001,4.417256399999999,6565,spring
475,2012-04-20,0,Friday,1,21.593347,69.4583,10.041357,7290,spring
476,2012-04-21,0,Saturday,1,23.369999999999997,68.2917,19.000328999999997,6624,spring
477,2012-04-22,0,Sunday,3,16.263347,83.54169999999999,23.084582,1027,spring
478,2012-04-23,0,Monday,2,13.188346999999998,76.66669999999999,20.334232,3214,spring
479,2012-04-24,0,Tuesday,1,16.946653,45.4167,16.708661,5633,spring
480,2012-04-25,0,Wednesday,1,19.543347,42.7917,7.959064,6196,spring
481,2012-04-26,0,Thursday,2,20.431653,75.66669999999999,11.833875,5026,spring
482,2012-04-27,0,Friday,1,18.7575,40.0833,23.291411,6233,spring
483,2012-04-28,0,Saturday,2,15.443347,48.9583,8.708325,4220,spring
484,2012-04-29,0,Sunday,1,18.791653,58.7083,7.8328359999999995,6304,spring
485,2012-04-30,0,Monday,2,19.030847,56.99999999999999,11.499746,5572,spring
486,2012-05-01,0,Tuesday,2,25.146653,65.95830000000001,10.458432,5740,spring
487,2012-05-02,0,Wednesday,1,23.130847,79.7083,9.249885999999998,6169,spring
488,2012-05-03,0,Thursday,2,22.96,76.83330000000001,8.957632,6421,spring
489,2012-05-04,0,Friday,1,25.7275,73.54169999999999,10.916846,6296,spring
490,2012-05-05,0,Saturday,2,25.488346999999997,75.66669999999999,10.250464,6883,spring
491,2012-05-06,0,Sunday,2,23.0625,74.0,10.041893,6359,spring
492,2012-05-07,0,Monday,2,22.037499999999998,66.41669999999999,15.458307000000001,6273,spring
493,2012-05-08,0,Tuesday,2,23.848347,68.58330000000001,19.833942999999998,5728,spring
494,2012-05-09,0,Wednesday,2,23.575,74.4167,14.499604,4717,spring
495,2012-05-10,0,Thursday,1,20.739152999999998,55.2083,21.042220999999998,6572,spring
496,2012-05-11,0,Friday,1,21.866653,36.0417,15.874779,7030,spring
497,2012-05-12,0,Saturday,1,23.130847,48.0417,8.249911,7429,spring
498,2012-05-13,0,Sunday,1,25.1125,57.62500000000001,15.082839,6118,spring
499,2012-05-14,0,Monday,2,23.506653,78.95830000000001,14.250364,2843,spring
500,2012-05-15,0,Tuesday,2,25.078346999999997,79.45830000000001,9.875264,5115,spring
501,2012-05-16,0,Wednesday,1,26.103347,69.7917,8.208304,7424,spring
502,2012-05-17,0,Thursday,1,24.326653,52.0,15.374825000000001,7384,spring
503,2012-05-18,0,Friday,1,23.130847,52.33330000000001,9.166739,7639,spring
504,2012-05-19,0,Saturday,1,24.599999999999998,45.625,5.626325,8294,spring
505,2012-05-20,0,Sunday,1,25.454152999999998,53.041700000000006,17.042589,7129,spring
506,2012-05-21,0,Monday,2,24.531653,81.125,15.624668,4359,spring
507,2012-05-22,0,Tuesday,2,25.215,76.5833,7.917189,6073,spring
508,2012-05-23,0,Wednesday,2,25.488346999999997,77.45830000000001,6.834,5260,spring
509,2012-05-24,0,Thursday,1,26.855,71.6667,11.584031999999999,6770,spring
510,2012-05-25,0,Friday,1,27.880000000000003,74.70830000000001,9.41685,6734,spring
511,2012-05-26,0,Saturday,1,28.392500000000002,73.25,13.332464,6536,spring
512,2012-05-27,0,Sunday,1,28.29,69.7083,14.416457,6591,spring
513,2012-05-28,1,Monday,1,29.212500000000002,67.625,13.166907,6043,spring
514,2012-05-29,0,Tuesday,1,29.622500000000002,68.45830000000001,19.7918,5743,spring
515,2012-05-30,0,Wednesday,2,26.923347,67.0,9.000043,6855,spring
516,2012-05-31,0,Thursday,1,27.880000000000003,49.2917,13.083693,7338,spring
517,2012-06-01,0,Friday,2,26.820847,75.5417,15.916720999999999,4127,spring
518,2012-06-02,0,Saturday,1,23.916653,54.9167,12.499654,8120,spring
519,2012-06-03,0,Sunday,1,24.7025,49.3333,12.333829,7641,spring
520,2012-06-04,0,Monday,1,24.497500000000002,48.7083,19.083811,6998,spring
521,2012-06-05,0,Tuesday,2,22.174153,61.3333,14.041525,7001,spring
522,2012-06-06,0,Wednesday,1,22.720847,61.12499999999999,5.167375,7055,spring
523,2012-06-07,0,Thursday,1,24.7025,56.7083,10.542449999999999,7494,spring
524,2012-06-08,0,Friday,1,26.615847000000002,46.791700000000006,11.750661000000001,7736,spring
525,2012-06-09,0,Saturday,1,29.144153000000003,43.7083,9.667229,7498,spring
526,2012-06-10,0,Sunday,1,29.793346999999997,53.833299999999994,8.959307,6598,spring
527,2012-06-11,0,Monday,2,29.554153,58.791700000000006,13.916771,6664,spring
528,2012-06-12,0,Tuesday,2,26.786653,83.3333,14.374581999999998,4972,spring
529,2012-06-13,0,Wednesday,1,26.889153,58.2083,22.999693,7421,spring
530,2012-06-14,0,Thursday,1,26.581653000000003,56.958299999999994,17.000111,7363,spring
531,2012-06-15,0,Friday,1,26.205847000000002,58.958299999999994,11.833339,7665,spring
532,2012-06-16,0,Saturday,1,25.898346999999998,50.416700000000006,11.166689,7702,spring
533,2012-06-17,0,Sunday,1,24.2925,59.875,9.708568,6978,spring
534,2012-06-18,0,Monday,2,23.301652999999998,77.79169999999999,11.707982000000001,5099,spring
535,2012-06-19,0,Tuesday,1,28.221653,69.0,9.917139,6825,spring
536,2012-06-20,0,Wednesday,1,32.082499999999996,59.2083,7.625404,6211,spring
537,2012-06-21,0,Thursday,1,33.039153,56.7917,7.958729,5905,summer
538,2012-06-22,0,Friday,1,31.877499999999998,57.375,12.250414000000001,5823,summer
539,2012-06-23,0,Saturday,1,29.998347,53.4583,12.041307,7458,summer
540,2012-06-24,0,Sunday,1,30.476653000000002,47.9167,9.750174999999999,6891,summer
541,2012-06-25,0,Monday,1,29.349153,50.416700000000006,20.125661,6779,summer
542,2012-06-26,0,Tuesday,1,25.864152999999998,37.3333,23.292014,7442,summer
543,2012-06-27,0,Wednesday,1,28.5975,36.0,18.208925,7335,summer
544,2012-06-28,0,Thursday,1,30.715847,42.25,11.50055,6879,summer
545,2012-06-29,0,Friday,1,34.200847,48.875,11.082939000000001,5463,summer
546,2012-06-30,0,Saturday,1,31.365000000000002,60.12499999999999,10.791756999999999,5687,summer
547,2012-07-01,0,Sunday,1,33.449153,51.87500000000001,11.291443000000001,5531,summer
548,2012-07-02,0,Monday,1,32.048347,44.7083,13.082889,6227,summer
549,2012-07-03,0,Tuesday,1,32.014153,49.2083,8.457878999999998,6660,summer
550,2012-07-04,1,Wednesday,1,32.355847,53.87499999999999,9.041649999999999,7403,summer
551,2012-07-05,0,Thursday,1,33.9275,45.7917,12.999943,6241,summer
552,2012-07-06,0,Friday,1,33.961653,45.0833,9.791514,6207,summer
553,2012-07-07,0,Saturday,1,35.328347,49.2083,10.958118,4840,summer
554,2012-07-08,0,Sunday,1,33.722500000000004,57.375,8.417143,4672,summer
555,2012-07-09,0,Monday,2,29.144153000000003,68.3333,12.125325,6569,summer
556,2012-07-10,0,Tuesday,2,29.554153,66.75,10.166379000000001,6290,summer
557,2012-07-11,0,Wednesday,1,29.383347,63.3333,10.166111,7264,summer
558,2012-07-12,0,Thursday,1,29.349153,52.9583,9.833924999999999,7446,summer
559,2012-07-13,0,Friday,2,29.998347,48.5833,5.41695,7499,summer
560,2012-07-14,0,Saturday,2,28.836653,69.91669999999999,9.626493,6969,summer
561,2012-07-15,0,Sunday,1,30.579152999999998,71.7917,11.166689,6031,summer
562,2012-07-16,0,Monday,1,31.296653000000003,64.5,11.000529,6830,summer
563,2012-07-17,0,Tuesday,1,33.551653,50.583299999999994,7.666743,6786,summer
564,2012-07-18,0,Wednesday,1,32.526652999999996,57.7083,9.208614,5713,summer
565,2012-07-19,0,Thursday,1,31.57,60.0417,11.083743,6591,summer
566,2012-07-20,0,Friday,2,27.299153,84.4167,14.000789000000001,5870,summer
567,2012-07-21,0,Saturday,3,24.429153,86.5417,14.2911,4459,summer
568,2012-07-22,0,Sunday,2,27.3675,76.25,6.2926936,7410,summer
569,2012-07-23,0,Monday,1,30.408347,69.41669999999999,9.291761,6966,summer
570,2012-07-24,0,Tuesday,1,30.784153,65.5,14.167418,7592,summer
571,2012-07-25,0,Wednesday,1,29.690847,45.0,11.0416,8173,summer
572,2012-07-26,0,Thursday,1,31.843347,59.66669999999999,19.082470999999998,6861,summer
573,2012-07-27,0,Friday,1,32.048347,59.458299999999994,10.250464,6904,summer
574,2012-07-28,0,Saturday,1,30.989152999999998,61.3333,10.542449999999999,6685,summer
575,2012-07-29,0,Sunday,1,29.588347,62.375,11.416532,6597,summer
576,2012-07-30,0,Monday,1,29.964153,66.875,10.292339,7105,summer
577,2012-07-31,0,Tuesday,1,29.246653,70.41669999999999,11.083475,7216,summer
578,2012-08-01,0,Wednesday,1,29.4175,67.75,9.458993,7580,summer
579,2012-08-02,0,Thursday,1,30.8525,65.95830000000001,8.666718,7261,summer
580,2012-08-03,0,Friday,2,31.399153,64.25,14.458064,7175,summer
581,2012-08-04,0,Saturday,1,32.526652999999996,61.3333,17.249686,6824,summer
582,2012-08-05,0,Sunday,1,31.535847,65.25,19.458206999999998,5464,summer
583,2012-08-06,0,Monday,2,30.8525,65.4167,8.666718,7013,summer
584,2012-08-07,0,Tuesday,2,30.169152999999998,70.375,7.8328359999999995,7273,summer
585,2012-08-08,0,Wednesday,2,30.75,67.29169999999999,7.4169,7534,summer
586,2012-08-09,0,Thursday,1,30.989152999999998,62.0417,10.458699999999999,7286,summer
587,2012-08-10,0,Friday,2,29.349153,71.58330000000001,16.000471,5786,summer
588,2012-08-11,0,Saturday,2,28.392500000000002,73.2917,13.834093,6299,summer
589,2012-08-12,0,Sunday,1,28.734153000000003,53.041700000000006,8.208304,6544,summer
590,2012-08-13,0,Monday,1,29.554153,54.541700000000006,9.126204,6883,summer
591,2012-08-14,0,Tuesday,1,29.793346999999997,68.6667,11.333586,6784,summer
592,2012-08-15,0,Wednesday,1,28.973347,61.9583,11.374657000000001,7347,summer
593,2012-08-16,0,Thursday,1,29.485847,51.916700000000006,9.500332,7605,summer
594,2012-08-17,0,Friday,1,29.656653,57.0833,15.500718,7148,summer
595,2012-08-18,0,Saturday,1,27.811653,60.3333,11.917089,7865,summer
596,2012-08-19,0,Sunday,2,26.069153,71.1667,5.79215,4549,summer
597,2012-08-20,0,Monday,2,26.069153,73.4167,8.708593,6530,summer
598,2012-08-21,0,Tuesday,1,26.615847000000002,67.375,4.8756436,7006,summer
599,2012-08-22,0,Wednesday,1,27.3675,67.7083,4.708981100000001,7375,summer
600,2012-08-23,0,Thursday,1,28.529153,63.5833,5.6679186,7765,summer
601,2012-08-24,0,Friday,2,28.802500000000002,61.5,4.8337686,7582,summer
602,2012-08-25,0,Saturday,2,27.128347,71.2917,16.375336,6053,summer
603,2012-08-26,0,Sunday,2,26.786653,84.5833,15.333486,5255,summer
604,2012-08-27,0,Monday,1,28.836653,73.04169999999999,8.625110999999999,6917,summer
605,2012-08-28,0,Tuesday,1,29.861653,62.0,12.791975,7040,summer
606,2012-08-29,0,Wednesday,1,28.085,55.2083,7.541653999999999,7697,summer
607,2012-08-30,0,Thursday,1,28.973347,59.0417,5.1668189,7713,summer
608,2012-08-31,0,Friday,1,31.330847000000002,58.75,11.291711,7350,summer
609,2012-09-01,0,Saturday,2,30.886653000000003,63.8333,7.5835289999999995,6140,summer
610,2012-09-02,0,Sunday,2,28.563347,81.5,4.2927436,5810,summer
611,2012-09-03,1,Monday,1,29.0075,79.0833,10.125107,6034,summer
612,2012-09-04,0,Tuesday,1,29.759152999999998,75.5,15.833507,6864,summer
613,2012-09-05,0,Wednesday,1,30.203346999999997,74.125,12.583136,7112,summer
614,2012-09-06,0,Thursday,2,28.563347,81.0417,9.542207,6203,summer
615,2012-09-07,0,Friday,1,28.836653,73.625,11.500282,7504,summer
616,2012-09-08,0,Saturday,2,27.025847,79.91669999999999,18.833968000000002,5976,summer
617,2012-09-09,0,Sunday,1,25.009999999999998,54.75,15.041232,8227,summer
618,2012-09-10,0,Monday,1,23.916653,50.375,17.333771000000002,7525,summer
619,2012-09-11,0,Tuesday,1,23.677500000000002,52.0,6.1676314,7767,summer
620,2012-09-12,0,Wednesday,1,24.565847,57.7083,8.833682,7870,summer
621,2012-09-13,0,Thursday,1,25.1125,63.708299999999994,5.5422936,7804,summer
622,2012-09-14,0,Friday,1,25.966653,67.25,6.9588209999999995,8009,summer
623,2012-09-15,0,Saturday,1,24.941653000000002,50.1667,16.583907,8714,summer
624,2012-09-16,0,Sunday,1,23.779999999999998,56.99999999999999,6.042281099999999,7333,summer
625,2012-09-17,0,Monday,2,23.814153,73.4583,10.166713999999999,6869,summer
626,2012-09-18,0,Tuesday,2,25.556653,87.25,23.958329,4073,summer
627,2012-09-19,0,Wednesday,1,22.6525,53.6667,14.416725,7591,summer
628,2012-09-20,0,Thursday,1,22.413347,61.8333,7.917189,7720,summer
629,2012-09-21,0,Friday,1,24.565847,66.875,10.333343000000001,8167,summer
630,2012-09-22,0,Saturday,1,26.650000000000002,64.6667,19.000061,8395,summer
631,2012-09-23,0,Sunday,1,21.695847,46.7083,14.958286000000001,7907,fall
632,2012-09-24,0,Monday,1,21.080847000000002,49.2917,9.541068000000001,7436,fall
633,2012-09-25,0,Tuesday,1,22.55,56.99999999999999,15.833507,7538,fall
634,2012-09-26,0,Wednesday,1,26.035,63.083299999999994,16.3748,7733,fall
635,2012-09-27,0,Thursday,2,26.650000000000002,69.08330000000001,9.000914,7393,fall
636,2012-09-28,0,Friday,2,25.385847000000002,69.0,10.999993,7415,fall
637,2012-09-29,0,Saturday,1,22.2425,54.2917,15.249468,8555,fall
638,2012-09-30,0,Sunday,1,21.593347,58.3333,9.042186,6889,fall
639,2012-10-01,0,Monday,2,21.354153,64.9167,6.0838814,6778,fall
640,2012-10-02,0,Tuesday,3,24.224153,87.16669999999999,6.9998249999999995,4639,fall
641,2012-10-03,0,Wednesday,2,26.9575,79.375,4.4585686,7572,fall
642,2012-10-04,0,Thursday,2,26.9575,72.2917,7.875582,7328,fall
643,2012-10-05,0,Friday,1,25.215,62.74999999999999,7.12545,8156,fall
644,2012-10-06,0,Saturday,1,22.720847,66.41669999999999,17.957675000000002,7965,fall
645,2012-10-07,0,Sunday,2,17.049153,70.8333,9.457854000000001,3510,fall
646,2012-10-08,1,Monday,2,15.716652999999999,70.9583,12.708492999999999,5478,fall
647,2012-10-09,0,Tuesday,2,18.313347,76.16669999999999,12.7501,6392,fall
648,2012-10-10,0,Wednesday,1,21.080847000000002,63.083299999999994,12.584007,7691,fall
649,2012-10-11,0,Thursday,1,17.835,46.3333,12.166932000000001,7570,fall
650,2012-10-12,0,Friday,1,17.9375,53.91669999999999,15.751164,7282,fall
651,2012-10-13,0,Saturday,1,16.126653,49.4583,9.791514,7109,fall
652,2012-10-14,0,Sunday,1,21.388347,64.0417,18.667004000000002,6639,fall
653,2012-10-15,0,Monday,2,23.028347,70.75,19.834478999999998,5875,fall
654,2012-10-16,0,Tuesday,1,19.201653,55.833299999999994,12.208807,7534,fall
655,2012-10-17,0,Wednesday,1,18.689153,69.2917,6.791857,7461,fall
656,2012-10-18,0,Thursday,2,21.4225,72.8333,15.874779,7509,fall
657,2012-10-19,0,Friday,2,23.096653,81.5,9.041917999999999,5424,fall
658,2012-10-20,0,Saturday,1,19.850847,57.2917,7.874979,8090,fall
659,2012-10-21,0,Sunday,1,19.030847,51.0,11.125618000000001,6824,fall
660,2012-10-22,0,Monday,1,19.9875,56.833299999999994,5.4593811,7058,fall
661,2012-10-23,0,Tuesday,1,22.310847,64.16669999999999,6.3345686,7466,fall
662,2012-10-24,0,Wednesday,1,24.087500000000002,63.625,4.8762064,7693,fall
663,2012-10-25,0,Thursday,2,22.55,80.0417,8.333125,7359,fall
664,2012-10-26,0,Friday,2,22.379153000000002,80.7083,8.875289,7444,fall
665,2012-10-27,0,Saturday,2,21.73,72.0,15.791364000000002,7852,fall
666,2012-10-28,0,Sunday,2,19.5775,69.4583,26.666535999999997,4459,fall
667,2012-10-29,0,Monday,3,18.04,88.0,23.9994,22,fall
668,2012-10-30,0,Tuesday,2,13.045462,82.5455,14.271603,1096,fall
669,2012-10-31,0,Wednesday,2,14.657499999999999,66.6667,11.166689,5566,fall
670,2012-11-01,0,Thursday,2,14.999153000000002,58.166700000000006,10.542182,5986,fall
671,2012-11-02,0,Friday,1,14.555,52.208299999999994,17.833725,5847,fall
672,2012-11-03,0,Saturday,2,14.076653,49.125,18.125443,5138,fall
673,2012-11-04,0,Sunday,1,13.359153,53.2917,12.000236,5107,fall
674,2012-11-05,0,Monday,1,13.085847,49.416700000000006,15.833775000000001,5259,fall
675,2012-11-06,0,Tuesday,1,11.514153,56.7083,11.625371,5686,fall
676,2012-11-07,0,Wednesday,2,12.129153,54.75,20.375236,5035,fall
677,2012-11-08,0,Thursday,1,14.439134,33.3478,23.304945,5315,fall
678,2012-11-09,0,Friday,1,14.828347,54.0833,14.375386,5992,fall
679,2012-11-10,0,Saturday,1,15.955846999999999,64.5417,3.8756686,6536,fall
680,2012-11-11,0,Sunday,1,17.254153000000002,65.91669999999999,8.5425,6852,fall
681,2012-11-12,1,Monday,1,19.884999999999998,74.16669999999999,11.625639,6269,fall
682,2012-11-13,0,Tuesday,2,14.076653,66.29169999999999,22.917082,4094,fall
683,2012-11-14,0,Wednesday,1,11.855847,55.2083,13.374875,5495,fall
684,2012-11-15,0,Thursday,2,13.188346999999998,62.0417,10.250129000000001,5445,fall
685,2012-11-16,0,Friday,1,14.145,52.4583,11.458675000000001,5698,fall
686,2012-11-17,0,Saturday,1,13.325000000000001,54.541700000000006,12.041843,5629,fall
687,2012-11-18,0,Sunday,1,14.0425,69.2917,15.250004,4669,fall
688,2012-11-19,0,Monday,2,15.614152999999998,62.3333,15.749489,5499,fall
689,2012-11-20,0,Tuesday,2,15.340847000000002,68.5,5.542575,5634,fall
690,2012-11-21,0,Wednesday,1,14.486653,61.375,6.917482000000001,5146,fall
691,2012-11-22,1,Thursday,1,13.940000000000001,58.0417,3.5423436,2425,fall
692,2012-11-23,0,Friday,1,15.101653,56.875,9.917407,3910,fall
693,2012-11-24,0,Saturday,1,11.411653,40.4583,25.250357,2277,fall
694,2012-11-25,0,Sunday,1,10.079153,46.8333,10.083499999999999,2424,fall
695,2012-11-26,0,Monday,1,12.846652999999998,53.541700000000006,3.1255499999999996,5087,fall
696,2012-11-27,0,Tuesday,2,11.958347,78.6667,15.916654,3959,fall
697,2012-11-28,0,Wednesday,1,12.163347,50.625,14.125007,5260,fall
698,2012-11-29,0,Thursday,1,11.51567,55.565200000000004,7.739974,5323,fall
699,2012-11-30,0,Friday,1,12.231653000000001,64.95830000000001,3.9175436,5668,fall
700,2012-12-01,0,Saturday,2,12.231653000000001,80.6667,4.0001814,5191,fall
701,2012-12-02,0,Sunday,2,14.247499999999999,82.3333,8.333393000000001,4649,fall
702,2012-12-03,0,Monday,1,18.552500000000002,76.75,5.5422936,6234,fall
703,2012-12-04,0,Tuesday,1,19.509153,73.375,11.666643,6606,fall
704,2012-12-05,0,Wednesday,1,17.971653,48.5,21.709407,5729,fall
705,2012-12-06,0,Thursday,1,10.489152999999998,50.875,11.708518,5375,fall
706,2012-12-07,0,Friday,2,13.154152999999999,76.4167,8.7502,5008,fall
707,2012-12-08,0,Saturday,2,15.648347,91.125,6.792393,5582,fall
708,2012-12-09,0,Sunday,2,15.750846999999998,90.5417,10.584325,3228,fall
709,2012-12-10,0,Monday,2,17.869153,92.5,12.750636,5170,fall
710,2012-12-11,0,Tuesday,2,14.486653,59.66669999999999,19.834478999999998,5501,fall
711,2012-12-12,0,Wednesday,2,12.1975,53.833299999999994,10.916779,5319,fall
712,2012-12-13,0,Thursday,1,12.129153,48.5833,11.666643,5532,fall
713,2012-12-14,0,Friday,1,11.548347,64.29169999999999,8.792343,5611,fall
714,2012-12-15,0,Saturday,1,13.290847,65.0417,7.12545,5047,fall
715,2012-12-16,0,Sunday,2,14.862499999999999,83.875,6.749714,3786,fall
716,2012-12-17,0,Monday,2,16.126653,90.7083,6.583306100000001,4585,fall
717,2012-12-18,0,Tuesday,1,16.844153,66.625,14.834067999999998,5557,fall
718,2012-12-19,0,Wednesday,1,13.6325,62.5417,12.334164000000001,5267,fall
719,2012-12-20,0,Thursday,2,13.530000000000001,66.79169999999999,8.875021,4128,fall
720,2012-12-21,0,Friday,2,13.393346999999999,55.666700000000006,25.083661000000003,3623,winter
721,2012-12-22,0,Saturday,1,10.899153,44.125,27.292182,1749,winter
722,2012-12-23,0,Sunday,1,10.079153,51.5417,8.916561,1787,winter
723,2012-12-24,0,Monday,2,9.483464,79.1304,5.1744368000000005,920,winter
724,2012-12-25,1,Tuesday,2,11.943464,73.47829999999999,11.304642,1013,winter
725,2012-12-26,0,Wednesday,3,9.976652999999999,82.3333,21.208582,441,winter
726,2012-12-27,0,Thursday,2,10.420846999999998,65.29169999999999,23.458911,2114,winter
727,2012-12-28,0,Friday,2,10.386652999999999,59.0,10.416557,3095,winter
728,2012-12-29,0,Saturday,2,10.386652999999999,75.29169999999999,8.333661,1341,winter
729,2012-12-30,0,Sunday,1,10.489152999999998,48.3333,23.500518,1796,winter
730,2012-12-31,0,Monday,2,8.849153,57.75,10.374682,2729,winter
